name,amenity,geometry
,police,POINT (73.9173998 18.5075612)
,police,POINT (73.8788901 18.5243076)
Sambhaji Police Chowki,police,POINT (73.8438921 18.5131785)
Deccan Gymkhana Police Chowki,police,POINT (73.8403808 18.5141406)
Bharati Vidyapeeth Police Station,police,POINT (73.8576127 18.4590242)
Ganesh Peth Police station,police,POINT (73.8621906 18.5161748)
Laxminagar Police chowky,police,POINT (73.8497008 18.4896021)
Yerawada Police Station,police,POINT (73.8957965 18.5527989)
Balagandharva Police Station,police,POINT (73.8478417 18.5222358)
Sant Kabir Police Station,police,POINT (73.8688574 18.5148758)
Perugate Police Chowki,police,POINT (73.8487755 18.5113926)
Bavdhan Police Chowki,police,POINT (73.7795837 18.5224956)
Alankar Police Chowki,police,POINT (73.8262153 18.4984329)
Senadatta Police Chowki,police,POINT (73.8446033 18.5052065)
Narayan Peth Police Chowki,police,POINT (73.8478649 18.5162004)
Khadki Police Station,police,POINT (73.8454253 18.5571921)
Kasba Peth Police Chowki,police,POINT (73.8560378 18.5204757)
Paud Phata Police Chowki,police,POINT (73.8245986 18.5064508)
Swargate Police Station,police,POINT (73.8591594 18.5007921)
Samarth Police Station,police,POINT (73.8696893 18.5203179)
Shaniwar Peth Police Chowki,police,POINT (73.8500242 18.5200094)
Prabhat Police Chowki,police,POINT (73.8333062 18.5145218)
,police,POINT (73.8154722 18.4637816)
,police,POINT (73.8448569 18.5449382)
Dattawadi Police Chowki,police,POINT (73.840267 18.5010017)
,police,POINT (73.8904599 18.4659808)
Mangaldas Police Chowki,police,POINT (73.8789046 18.5339866)
Wireless Police Officers Headquarters,police,POINT (73.8240041 18.5403061)
"Centre for Police Research - CPR,",police,POINT (73.8228024 18.5402811)
POLICE HEADQUATER,police,POINT (73.8240032 18.5404783)
bavdhandhan  Police Station,police,POINT (73.7796133 18.5225916)
police station Wagoli;Wagoli police station,police,POINT (73.9868542 18.5818249)
Unit 6 Police Station,police,POINT (73.9782357 18.572673)
wagoli police station,police,POINT (73.9868025 18.5811586)
Police Station,police,POINT (73.9790844 18.5713171)
Chandan nagar police,police,POINT (73.9280864 18.5570956)
Vishrantwadi Police Station,police,POINT (73.8775269 18.5646718)
Vadgaon Budruk Police Chowki,police,POINT (73.8327946 18.4689831)
Kothrud Police Station,police,POINT (73.8024748 18.506629)
Sahakarnagar Police Station,police,"POLYGON ((73.8496895 18.4895508, 73.8497217 18.4893981, 73.8496144 18.4893778, 73.8495822 18.4895406, 73.8496895 18.4895508))"
Pune Rural Police Headquarters,police,"POLYGON ((73.8193134 18.5403559, 73.8198719 18.540434, 73.820347 18.5405652, 73.8217089 18.5410441, 73.8225021 18.5412676, 73.8234486 18.5414733, 73.8239612 18.5416081, 73.8243503 18.5416861, 73.8248741 18.5417393, 73.8255028 18.5417403, 73.8260266 18.5418006, 73.8274782 18.5419851, 73.827699 18.5421305, 73.8263109 18.5423894, 73.8258133 18.5425739, 73.8255177 18.5428328, 73.8250538 18.5433756, 73.824732 18.5436593, 73.8227903 18.5450853, 73.8222926 18.545291, 73.8208705 18.5457028, 73.8193096 18.5453466, 73.8193134 18.5403559))"
Faraskhana Police Station,police,"POLYGON ((73.8560255 18.516496, 73.8560246 18.5163869, 73.8556584 18.5163897, 73.8556593 18.5164988, 73.8560255 18.516496))"
Dattawadi Police Station,police,"POLYGON ((73.8480475 18.4928448, 73.8481449 18.4930516, 73.8482988 18.4929864, 73.8482014 18.4927797, 73.8480475 18.4928448))"
Chaturshringi Police Station,police,"POLYGON ((73.8256119 18.5461759, 73.8256919 18.5462284, 73.825716 18.5461955, 73.8257984 18.5462495, 73.8258947 18.5461175, 73.8257323 18.5460109, 73.8256119 18.5461759))"
Balewadi Police Chowki,police,"POLYGON ((73.7748474 18.5687128, 73.7748492 18.5686028, 73.7749458 18.5686042, 73.7749439 18.5687142, 73.7748474 18.5687128))"
Somwar Peth Police Station सोमवार पेठ पोलिस स्टेशन,police,"POLYGON ((73.8624461 18.5195682, 73.8624193 18.5195439, 73.862529 18.5193413, 73.8626703 18.5194481, 73.8627088 18.5195837, 73.8625968 18.5195804, 73.862529 18.5195771, 73.8624461 18.5195682))"
Pashan Police station,police,"POLYGON ((73.7980177 18.5382779, 73.798192 18.5382855, 73.7981947 18.5381482, 73.7980257 18.5381457, 73.7980177 18.5382779))"
Kondhwa traffic police chowky,police,"POLYGON ((73.8894055 18.4648269, 73.8895879 18.4648561, 73.8896335 18.4646819, 73.8894336 18.4646399, 73.8894055 18.4648269))"
Bharati Vidyapeeth Police Station,police,"POLYGON ((73.8575581 18.4590996, 73.8576912 18.4591802, 73.8577701 18.4592574, 73.8577799 18.4589336, 73.8575544 18.4589523, 73.8575581 18.4590996))"
