{"version": 0.6, "generator": "Overpass API 0.7.62.5 1bd436f1", "osm3s": {"timestamp_osm_base": "2025-03-10T04:21:39Z", "copyright": "The data included in this document is from www.openstreetmap.org. The data is made available under ODbL."}, "elements": [{"type": "node", "id": 7226635982, "lat": 19.6254199, "lon": 79.6376429, "tags": {"addr:district": "Chandrapur", "addr:full": "Kondhana", "addr:postcode": "442702", "addr:state": "Maharashtra", "addr:subdistrict": "Gondpipri", "amenity": "hospital", "name": "Government Hospital Dhaba", "source": "OpenGovernmentData"}}, {"type": "node", "id": 7226635994, "lat": 19.679739, "lon": 79.803056, "tags": {"addr:district": "Gadchiroli", "addr:full": "Borghat Rith", "addr:postcode": "442707", "addr:state": "Maharashtra", "addr:subdistrict": "Chamorshi", "amenity": "hospital", "name": "Rural Hospital, Asti", "source": "OpenGovernmentData"}}, {"type": "node", "id": 7226636006, "lat": 19.7131212, "lon": 79.6775409, "tags": {"addr:district": "Chandrapur", "addr:full": "Beside Tahsil Office, Gondpipari", "addr:postcode": "442702", "addr:state": "Maharashtra", "addr:subdistrict": "Gondpipri", "amenity": "hospital", "name": "Rural Hospital Gondpipari", "source": "OpenGovernmentData"}}, {"type": "node", "id": 7725906062, "lat": 19.6634589, "lon": 79.7332241, "tags": {"addr:district": "Chandrapur", "addr:full": "Bhangaram Talodhi", "addr:postcode": "442702", "addr:state": "Maharashtra", "amenity": "hospital", "name": "Government Hospital, Bhangaram Talodhi", "source": "Local Knowledge"}}]}