{"version": 0.6, "generator": "Overpass API 0.7.62.5 1bd436f1", "osm3s": {"timestamp_osm_base": "2025-03-10T04:21:39Z", "copyright": "The data included in this document is from www.openstreetmap.org. The data is made available under ODbL."}, "elements": [{"type": "node", "id": 3956909458, "lat": 19.9472828, "lon": 79.1174}, {"type": "node", "id": 3956909459, "lat": 19.9464841, "lon": 79.1171967}, {"type": "node", "id": 3956909460, "lat": 19.9463045, "lon": 79.1181155}, {"type": "node", "id": 3956909461, "lat": 19.9471338, "lon": 79.11827}, {"type": "node", "id": 7229312438, "lat": 19.9032316, "lon": 78.9021365, "tags": {"addr:district": "Yavatmal", "addr:full": "Near Mosque", "addr:postcode": "445304", "addr:state": "Maharashtra", "addr:subdistrict": "Wani", "amenity": "hospital", "healthcare": "hospital", "name": "Government Hospital, Kayar", "source": "OpenGovernmentData"}}, {"type": "node", "id": 7229316256, "lat": 20.2345053, "lon": 79.0032746}, {"type": "node", "id": 7229316257, "lat": 20.2342989, "lon": 79.0031808}, {"type": "node", "id": 7229316258, "lat": 20.2343501, "lon": 79.003053}, {"type": "node", "id": 7229316259, "lat": 20.2345564, "lon": 79.0031469}, {"type": "node", "id": 7229316327, "lat": 20.1006291, "lon": 79.1254709, "tags": {"addr:district": "Chandrapur", "addr:full": "Shriram Nagar, Bhadravati", "addr:postcode": "442902", "addr:state": "Maharashtra", "addr:subdistrict": "Bhadravati", "amenity": "hospital", "name": "Rural Hospital, Bhadrawati", "source": "OpenGovernmentData"}}, {"type": "node", "id": 7229316347, "lat": 20.1325068, "lon": 79.0440675, "tags": {"addr:district": "Chandrapur", "addr:full": "Near Gram Panchayat, Majri", "addr:postcode": "442503", "addr:state": "Maharashtra", "addr:subdistrict": "Bhadravati", "amenity": "hospital", "name": "Government Hospital, Majri", "source": "OpenGovernmentData"}}, {"type": "node", "id": 7229316389, "lat": 20.234399, "lon": 79.003138, "tags": {"addr:district": "Chandrapur", "addr:full": "Datta Mandir ward, Near Water Tank, Warora", "addr:postcode": "442907", "addr:state": "Maharashtra", "addr:subdistrict": "Warora", "amenity": "hospital", "description": "Sub District Hospital", "name": "SDH Warora", "source": "OpenGovernmentData"}}, {"type": "node", "id": 7626202222, "lat": 19.9645431, "lon": 79.0729076, "tags": {"addr:district": "Yavatmal", "addr:full": "Kumbhari", "addr:postcode": "445304", "addr:state": "Maharastra", "amenity": "hospital", "name": "Government Hospital", "source": "Local Knowledge"}}, {"type": "node", "id": 7626202300, "lat": 19.9655476, "lon": 79.0727425, "tags": {"addr:district": "Yavatmal", "addr:full": "Kumbhari", "addr:postcode": "445304", "addr:state": "Maharastra", "amenity": "hospital", "name": "Khutemate Hospital", "source": "Local Knowledge"}}, {"type": "node", "id": 7732727598, "lat": 20.129927, "lon": 79.0045651, "tags": {"addr:district": "Chandrapur", "addr:full": "Patala", "addr:postcode": "442503", "addr:state": "Maharashtra", "amenity": "hospital", "name": "Government Hospital, Patala", "source": "Local Knowledge"}}, {"type": "node", "id": 7784441485, "lat": 20.2387513, "lon": 79.0055864, "tags": {"amenity": "hospital", "name": "Parate Hospital", "survey:date": "2020-08-04"}}, {"type": "node", "id": 7867841077, "lat": 20.235425, "lon": 79.007182}, {"type": "node", "id": 7867841083, "lat": 20.2353388, "lon": 79.0074929}, {"type": "node", "id": 7867841084, "lat": 20.2355282, "lon": 79.0075395}, {"type": "node", "id": 7867863987, "lat": 20.23561, "lon": 79.0072245}, {"type": "node", "id": 10006392805, "lat": 20.0595447, "lon": 78.9478508}, {"type": "node", "id": 10006392806, "lat": 20.0595411, "lon": 78.9489085}, {"type": "node", "id": 10006392807, "lat": 20.0595013, "lon": 78.9489585}, {"type": "node", "id": 10006392808, "lat": 20.0594327, "lon": 78.9489662}, {"type": "node", "id": 10006392809, "lat": 20.0589847, "lon": 78.9489546}, {"type": "node", "id": 10006392810, "lat": 20.0588257, "lon": 78.9489469}, {"type": "node", "id": 10006392811, "lat": 20.0588329, "lon": 78.9489085}, {"type": "node", "id": 10006392812, "lat": 20.0587029, "lon": 78.9489046}, {"type": "node", "id": 10006392813, "lat": 20.0586993, "lon": 78.9489508}, {"type": "node", "id": 10006392814, "lat": 20.0584861, "lon": 78.9489162}, {"type": "node", "id": 10006392815, "lat": 20.0579117, "lon": 78.9487738}, {"type": "node", "id": 10006392816, "lat": 20.0579225, "lon": 78.9486162}, {"type": "node", "id": 10006394217, "lat": 20.0568278, "lon": 78.9485892}, {"type": "node", "id": 10006394218, "lat": 20.0570048, "lon": 78.9480238}, {"type": "node", "id": 10006394219, "lat": 20.0586704, "lon": 78.9479123}, {"type": "node", "id": 10708127128, "lat": 20.2607962, "lon": 79.0212277, "tags": {"amenity": "hospital", "name": "Saibaba Hospital"}}, {"type": "node", "id": 10727637489, "lat": 20.2602273, "lon": 79.02205, "tags": {"amenity": "hospital", "name": "Saibaba Hospital"}}, {"type": "way", "id": 392469941, "nodes": [3956909458, 3956909459, 3956909460, 3956909461, 3956909458], "tags": {"addr:city": "Ghugus", "addr:postcode": "442 505", "addr:street": "Ramnagar", "amenity": "hospital", "name": "Rajiv Ratan Hospital", "operator": "WCL"}}, {"type": "way", "id": 774884304, "nodes": [7229316259, 7229316256, 7229316257, 7229316258, 7229316259], "tags": {"amenity": "hospital", "building": "yes", "healthcare": "hospital", "name": "Sub-District Hospital"}}, {"type": "way", "id": 843459821, "nodes": [7867863987, 7867841084, 7867841083, 7867841077, 7867863987], "tags": {"amenity": "hospital", "building": "yes", "healthcare": "hospital", "name": "Trauma Care Center"}}, {"type": "way", "id": 1092607215, "nodes": [10006392805, 10006392806, 10006392807, 10006392808, 10006392809, 10006392810, 10006392811, 10006392812, 10006392813, 10006392814, 10006392815, 10006392816, 10006394217, 10006394218, 10006394219, 10006392805], "tags": {"amenity": "hospital", "healthcare": "hospital", "name": "Government hospital wani"}}]}