{"version": 0.6, "generator": "Overpass API 0.7.62.5 1bd436f1", "osm3s": {"timestamp_osm_base": "2025-03-10T04:21:39Z", "copyright": "The data included in this document is from www.openstreetmap.org. The data is made available under ODbL."}, "elements": [{"type": "node", "id": 7229288488, "lat": 20.4971981, "lon": 79.3609591, "tags": {"addr:district": "Chandrapur", "addr:full": "Gandhi ward, Chimur", "addr:postcode": "442903", "addr:state": "Maharashtra", "addr:subdistrict": "Chimur", "amenity": "hospital", "description": "Sub District Hospital", "name": "Sub District Hospital, Chimur", "source": "OpenGovernmentData"}}, {"type": "node", "id": 7625613255, "lat": 20.3623169, "lon": 79.5811322, "tags": {"addr:district": "Chandrapur", "addr:full": "Vyankatesh Nagar, Ratnapur Road, Navargaon", "addr:postcode": "441223", "addr:state": "Maharastra", "amenity": "hospital", "name": "Dr. Balbuddhe Hospital", "source": "Local Knowledge"}}]}