{"version": 0.6, "generator": "Overpass API 0.7.62.5 1bd436f1", "osm3s": {"timestamp_osm_base": "2025-03-10T04:21:39Z", "copyright": "The data included in this document is from www.openstreetmap.org. The data is made available under ODbL."}, "elements": [{"type": "node", "id": 7229312372, "lat": 19.7835033, "lon": 79.3659751, "tags": {"addr:district": "Chandrapur", "addr:full": "Near Old Bus Stand, Rajura", "addr:postcode": "442905", "addr:state": "Maharashtra", "addr:subdistrict": "Rajura", "amenity": "hospital", "name": "Rural Hospital, Rajura", "source": "OpenGovernmentData"}}, {"type": "node", "id": 7229312378, "lat": 19.8532517, "lon": 79.3491449, "tags": {"addr:district": "Chandrapur", "addr:full": "Near Municipal Council, Beside Church, Ballarpur", "addr:postcode": "442901", "addr:state": "Maharashtra", "addr:subdistrict": "Ballarpur", "amenity": "hospital", "name": "Rural Hospital, Ballarpur", "source": "OpenGovernmentData"}}, {"type": "node", "id": 7726303618, "lat": 19.635206, "lon": 79.4321689, "tags": {"addr:district": "Chandrapur", "addr:full": "Wirur", "addr:postcode": "442905", "addr:state": "Maharashtra", "amenity": "hospital", "name": "Rural Hospital, Wirur Station", "source": "Local Knowledge"}}, {"type": "node", "id": 7730647178, "lat": 19.5585801, "lon": 79.5069574}, {"type": "node", "id": 7730647179, "lat": 19.5585547, "lon": 79.5070887}, {"type": "node", "id": 7730647180, "lat": 19.558668, "lon": 79.5071134}, {"type": "node", "id": 7730647181, "lat": 19.5586934, "lon": 79.5069821}, {"type": "way", "id": 828081856, "nodes": [7730647181, 7730647180, 7730647179, 7730647178, 7730647181], "tags": {"addr:district": "Chandrapur", "addr:full": "Lathi", "addr:postcode": "442702", "addr:state": "Maharashtra", "amenity": "hospital", "building": "yes", "name": "Government Hospital, Lathi", "source": "Local Knowledge"}}]}