{"version": 0.6, "generator": "Overpass API 0.7.62.5 1bd436f1", "osm3s": {"timestamp_osm_base": "2025-03-10T04:21:39Z", "copyright": "The data included in this document is from www.openstreetmap.org. The data is made available under ODbL."}, "elements": [{"type": "node", "id": 5768960753, "lat": 20.1721932, "lon": 79.9825801}, {"type": "node", "id": 5768960754, "lat": 20.1716212, "lon": 79.9833092}, {"type": "node", "id": 5768960755, "lat": 20.1713467, "lon": 79.9836403}, {"type": "node", "id": 5768960756, "lat": 20.1705541, "lon": 79.9846144}, {"type": "node", "id": 5768960757, "lat": 20.1701838, "lon": 79.9849878}, {"type": "node", "id": 5768960758, "lat": 20.1701306, "lon": 79.9850476}, {"type": "node", "id": 5768960759, "lat": 20.1708944, "lon": 79.9866328}, {"type": "node", "id": 5768960760, "lat": 20.170696, "lon": 79.9869639}, {"type": "node", "id": 5768960761, "lat": 20.1697901, "lon": 79.9857381}, {"type": "node", "id": 5768960762, "lat": 20.1687948, "lon": 79.9843361}, {"type": "node", "id": 5768960763, "lat": 20.1677897, "lon": 79.9831209}, {"type": "node", "id": 5768960764, "lat": 20.1679881, "lon": 79.9829095}, {"type": "node", "id": 5768960765, "lat": 20.168322, "lon": 79.9826207}, {"type": "node", "id": 5768960766, "lat": 20.1687452, "lon": 79.9822297}, {"type": "node", "id": 5768960767, "lat": 20.1701125, "lon": 79.9806874}, {"type": "node", "id": 5768963073, "lat": 20.171169, "lon": 79.9829505}, {"type": "node", "id": 5768967759, "lat": 20.1708081, "lon": 79.9834416}, {"type": "node", "id": 5768967760, "lat": 20.1706888, "lon": 79.9833422}, {"type": "node", "id": 5768967761, "lat": 20.1708539, "lon": 79.9831174}, {"type": "node", "id": 5768967762, "lat": 20.1708283, "lon": 79.9830961}, {"type": "node", "id": 5768967763, "lat": 20.1707921, "lon": 79.9831454}, {"type": "node", "id": 5768967764, "lat": 20.1707267, "lon": 79.9830909}, {"type": "node", "id": 5768967765, "lat": 20.1707484, "lon": 79.9830613}, {"type": "node", "id": 5768967766, "lat": 20.170711, "lon": 79.9830301}, {"type": "node", "id": 5768967767, "lat": 20.1705613, "lon": 79.9832339}, {"type": "node", "id": 5768967768, "lat": 20.1704469, "lon": 79.9831386}, {"type": "node", "id": 5768967769, "lat": 20.1705998, "lon": 79.9829305}, {"type": "node", "id": 5768967770, "lat": 20.170578, "lon": 79.9829123}, {"type": "node", "id": 5768967771, "lat": 20.1705546, "lon": 79.9829441}, {"type": "node", "id": 5768967772, "lat": 20.170495, "lon": 79.9828944}, {"type": "node", "id": 5768967773, "lat": 20.1705331, "lon": 79.9828425}, {"type": "node", "id": 5768967774, "lat": 20.1704937, "lon": 79.9828097}, {"type": "node", "id": 5768967775, "lat": 20.170331, "lon": 79.9830311}, {"type": "node", "id": 5768967776, "lat": 20.1702234, "lon": 79.9829413}, {"type": "node", "id": 5768967777, "lat": 20.1705828, "lon": 79.9824523}, {"type": "node", "id": 5768967778, "lat": 20.1706993, "lon": 79.9825495}, {"type": "node", "id": 5768967779, "lat": 20.1705297, "lon": 79.9827803}, {"type": "node", "id": 5768967780, "lat": 20.1706313, "lon": 79.982865}, {"type": "node", "id": 5768967781, "lat": 20.1707198, "lon": 79.9827446}, {"type": "node", "id": 5768967782, "lat": 20.170683, "lon": 79.9827139}, {"type": "node", "id": 5768967783, "lat": 20.1707544, "lon": 79.9826167}, {"type": "node", "id": 5768967784, "lat": 20.1709805, "lon": 79.9828053}, {"type": "node", "id": 5768967785, "lat": 20.1709102, "lon": 79.982901}, {"type": "node", "id": 5768967786, "lat": 20.1708264, "lon": 79.983015}, {"type": "node", "id": 5768967787, "lat": 20.1708991, "lon": 79.9830756}, {"type": "node", "id": 5768967788, "lat": 20.1710586, "lon": 79.9828584}, {"type": "node", "id": 5909789824, "lat": 19.9376216, "lon": 79.8872772, "tags": {"amenity": "hospital", "name": "Balprabha Hospital", "phone": "9422137107"}}, {"type": "node", "id": 6139829454, "lat": 19.9255442, "lon": 79.8873266}, {"type": "node", "id": 6139829455, "lat": 19.9249718, "lon": 79.88999}, {"type": "node", "id": 6139829456, "lat": 19.9262553, "lon": 79.8900141}, {"type": "node", "id": 6139829457, "lat": 19.9270698, "lon": 79.8900329}, {"type": "node", "id": 6139829458, "lat": 19.9264495, "lon": 79.8887294}, {"type": "node", "id": 6139829459, "lat": 19.9260359, "lon": 79.8874526}, {"type": "node", "id": 6139829475, "lat": 19.9256795, "lon": 79.8873612, "tags": {"barrier": "gate"}}, {"type": "node", "id": 7166317575, "lat": 20.1710912, "lon": 79.9828856}, {"type": "node", "id": 7185505433, "lat": 20.1692928, "lon": 79.9817221}, {"type": "node", "id": 7185505434, "lat": 20.1693616, "lon": 79.9815392}, {"type": "node", "id": 7185505435, "lat": 20.1693471, "lon": 79.9816273}, {"type": "node", "id": 7188415137, "lat": 20.1709851, "lon": 79.9814812}, {"type": "node", "id": 7188415141, "lat": 20.1690805, "lon": 79.9819189}, {"type": "node", "id": 7229316352, "lat": 20.290558, "lon": 79.660002, "tags": {"addr:district": "Chandrapur", "addr:full": "Beside Police Station, Sindewahi", "addr:postcode": "441222", "addr:state": "Maharashtra", "addr:subdistrict": "Sindewahi", "amenity": "hospital", "name": "Rural Hospital, Sindewahi", "source": "OpenGovernmentData"}}, {"type": "node", "id": 7229316355, "lat": 20.2432663, "lon": 79.6072667, "tags": {"addr:district": "Chandrapur", "addr:full": "Main Road, Near Hanuman Mandir, Mohadi", "addr:postcode": "441222", "addr:state": "Maharashtra", "addr:subdistrict": "Sindewahi", "amenity": "hospital", "name": "Mohadi Hospital", "source": "OpenGovernmentData"}}, {"type": "node", "id": 7229411020, "lat": 20.0624292, "lon": 79.6614104, "tags": {"addr:district": "Chandrapur", "addr:full": "Ward Number 15, Beside Pratibha B.ed. Collage, Mul", "addr:postcode": "441224", "addr:state": "Maharashtra", "addr:subdistrict": "Mul", "amenity": "hospital", "description": "Sub District Hospital", "name": "SDH Mul", "source": "OpenGovernmentData"}}, {"type": "node", "id": 7229411051, "lat": 20.0829319, "lon": 79.7921709, "tags": {"addr:block": "Saoli", "addr:district": "Chandrapur", "addr:full": "Near Vishvshanti School, Beside Ramabai High school, Saoli", "addr:postcode": "441225", "addr:state": "Maharashtra", "addr:subdistrict": "Sawali", "amenity": "hospital", "name": "Rural Hospital, Saoli", "source": "OpenGovernmentData"}}, {"type": "node", "id": 7625491630, "lat": 20.1820225, "lon": 79.9905088, "tags": {"addr:district": "Gadchiroli", "addr:full": "Mull Road, Gadchiroli", "addr:postcode": "442605", "addr:state": "Maharastra", "amenity": "hospital", "name": "Dr. Kilnake Hospital", "source": "Local Knowledge"}}, {"type": "node", "id": 7625491639, "lat": 20.1784636, "lon": 79.9891038, "tags": {"addr:district": "Gadchiroli", "addr:full": "Gokul Nagar, Gadchiroli", "addr:postcode": "442605", "addr:state": "Maharastra", "amenity": "hospital", "name": "Nobel Multispeciality Hospital", "source": "Local Knowledge"}}, {"type": "node", "id": 7625491685, "lat": 20.176683, "lon": 79.989989, "tags": {"addr:district": "Gadchiroli", "addr:full": "Gokul Nagar, Gadchiroli", "addr:postcode": "442605", "addr:state": "Maharastra", "amenity": "hospital", "name": "Dr. Mallick Hospital", "source": "Local Knowledge"}}, {"type": "node", "id": 7625613215, "lat": 20.0703049, "lon": 79.6779999, "tags": {"addr:district": "Chandrapur", "addr:full": "Mul", "addr:postcode": "441224", "addr:state": "Maharastra", "amenity": "hospital", "name": "Dr. Varhade Hospital", "source": "Local Knowledge"}}, {"type": "node", "id": 7625613240, "lat": 20.289031, "lon": 79.654073, "tags": {"addr:district": "Chandrapur", "addr:full": "Sindewahi", "addr:postcode": "441222", "addr:state": "Maharastra", "amenity": "hospital", "name": "Vyankatesh Hospital", "source": "Local Knowledge"}}, {"type": "node", "id": 7625613265, "lat": 20.0698544, "lon": 79.6769129, "tags": {"addr:district": "Chandrapur", "addr:full": "Bokare Wada, Mul", "addr:postcode": "441224", "addr:state": "Maharastra", "amenity": "hospital", "name": "Bokare Hospital", "source": "Local Knowledge"}}, {"type": "node", "id": 12478730531, "lat": 20.1731456, "lon": 79.9834963}, {"type": "node", "id": 12478730532, "lat": 20.1717046, "lon": 79.9855102}, {"type": "node", "id": 12478730533, "lat": 20.1707238, "lon": 79.9844945}, {"type": "node", "id": 12478730534, "lat": 20.1701923, "lon": 79.985043}, {"type": "node", "id": 12478730535, "lat": 20.1709529, "lon": 79.9866248}, {"type": "node", "id": 12478730536, "lat": 20.1707298, "lon": 79.9869838}, {"type": "node", "id": 12478730537, "lat": 20.1711761, "lon": 79.9875176}, {"type": "node", "id": 12478730538, "lat": 20.1738264, "lon": 79.9840802}, {"type": "way", "id": 609021803, "nodes": [5768960766, 7188415141, 7185505433, 7185505435, 7185505434, 5768960767, 7188415137, 5768960753, 5768960754, 5768960755, 5768960756, 5768960757, 5768960758, 5768960759, 5768960760, 5768960761, 5768960762, 5768960763, 5768960764, 5768960765, 5768960766], "tags": {"addr:city": "Complex, Gadchiroli", "addr:postcode": "442605", "addr:street": "Chandrapur Road", "amenity": "hospital", "healthcare": "hospital", "healthcare:speciality": "general", "name": "Government Hospital Area", "operator": "Government"}}, {"type": "way", "id": 609022777, "nodes": [5768967759, 5768967760, 5768967761, 5768967762, 5768967763, 5768967764, 5768967765, 5768967766, 5768967767, 5768967768, 5768967769, 5768967770, 5768967771, 5768967772, 5768967773, 5768967774, 5768967775, 5768967776, 5768967777, 5768967778, 5768967779, 5768967780, 5768967781, 5768967782, 5768967783, 5768967784, 5768967785, 5768967786, 5768967787, 5768967788, 7166317575, 5768963073, 5768967759], "tags": {"addr:district": "Gadchiroli", "addr:full": "General Hospital, Complex, Gadchiroli", "addr:postcode": "442605", "addr:state": "Maharashtra", "amenity": "hospital", "building": "hospital", "building:levels": "3", "description": "District Hospital", "name": "General Hospital", "operator": "Government", "rooms": "100", "source": "OpenGovernmentData"}}, {"type": "way", "id": 655290937, "nodes": [6139829454, 6139829455, 6139829456, 6139829457, 6139829458, 6139829459, 6139829475, 6139829454], "tags": {"amenity": "hospital", "healthcare": "hospital"}}, {"type": "way", "id": 1349017265, "nodes": [12478730531, 12478730532, 12478730533, 12478730534, 12478730535, 12478730536, 12478730537, 12478730538, 12478730531], "tags": {"amenity": "hospital", "healthcare": "hospital", "healthcare:speciality": "general", "name": "site"}}]}