{"version": 0.6, "generator": "Overpass API 0.7.62.5 1bd436f1", "osm3s": {"timestamp_osm_base": "2025-03-10T04:21:39Z", "copyright": "The data included in this document is from www.openstreetmap.org. The data is made available under ODbL."}, "elements": [{"type": "node", "id": 7229312386, "lat": 19.7492709, "lon": 78.9867697, "tags": {"addr:district": "Chandrapur", "addr:full": "Near Govt. Rest House, Beside Govt. ITI, Korpana", "addr:postcode": "442916", "addr:state": "Maharashtra", "addr:subdistrict": "Korpana", "amenity": "hospital", "healthcare": "hospital", "name": "Rural Hospital, Korpana", "source": "OpenGovernmentData"}}, {"type": "node", "id": 7229312446, "lat": 19.7334847, "lon": 79.1728604, "tags": {"addr:district": "Chandrapur", "addr:full": "ward No.5, Near Knyaka Mandir, Gadchandur", "addr:postcode": "442916", "addr:state": "Maharashtra", "addr:subdistrict": "Korpana", "amenity": "hospital", "healthcare": "hospital", "name": "Rural Hospital Gadchandur", "source": "OpenGovernmentData"}}, {"type": "node", "id": 7625613216, "lat": 19.7715934, "lon": 79.140032, "tags": {"addr:district": "Chandrapur", "addr:full": "Police Station Road, Shanti Colony, Nanda Fata", "addr:postcode": "442908", "addr:state": "Maharastra", "amenity": "hospital", "name": "Loader Hospital", "source": "Local Knowledge"}}, {"type": "node", "id": 7625613227, "lat": 19.7635286, "lon": 79.1406757, "tags": {"addr:district": "Chandrapur", "addr:full": "Bibee", "addr:postcode": "442908", "addr:state": "Maharastra", "amenity": "hospital", "name": "Dr. Giridhar Kale Hospital", "source": "Local Knowledge"}}]}