{"version": 0.6, "generator": "Overpass API 0.7.62.5 1bd436f1", "osm3s": {"timestamp_osm_base": "2025-03-10T04:30:37Z", "copyright": "The data included in this document is from www.openstreetmap.org. The data is made available under ODbL."}, "elements": [{"type": "node", "id": 280430828, "lat": 18.5075612, "lon": 73.9173998, "tags": {"amenity": "police", "created_by": "Potlatch 0.10"}}, {"type": "node", "id": 674930856, "lat": 18.5243076, "lon": 73.8788901, "tags": {"amenity": "police"}}, {"type": "node", "id": 678444711, "lat": 18.5131785, "lon": 73.8438921, "tags": {"amenity": "police", "name": "Sambhaji Police Chowki", "name:mr": "\u0938\u0902\u092d\u093e\u091c\u0940 \u092a\u094b\u0932\u0940\u0938 \u091a\u094c\u0915\u0940"}}, {"type": "node", "id": 1534465625, "lat": 18.5141406, "lon": 73.8403808, "tags": {"amenity": "police", "name": "Deccan Gymkhana Police Chowki", "name:mr": "\u0921\u0947\u0915\u094d\u0915\u0928 \u091c\u093f\u092e\u0916\u093e\u0928\u093e \u092a\u094b\u0932\u0940\u0938 \u091a\u094c\u0915\u0940", "source": "local"}}, {"type": "node", "id": 1597812815, "lat": 18.4590242, "lon": 73.8576127, "tags": {"amenity": "police", "name": "Bharati Vidyapeeth Police Station"}}, {"type": "node", "id": 1909536882, "lat": 18.5161748, "lon": 73.8621906, "tags": {"amenity": "police", "name": "Ganesh Peth Police station", "source": "Personal Knowledge"}}, {"type": "node", "id": 2027712377, "lat": 18.4895508, "lon": 73.8496895}, {"type": "node", "id": 2027712380, "lat": 18.4895406, "lon": 73.8495822}, {"type": "node", "id": 2027712382, "lat": 18.4893778, "lon": 73.8496144}, {"type": "node", "id": 2027712388, "lat": 18.4893981, "lon": 73.8497217}, {"type": "node", "id": 2027713730, "lat": 18.4896021, "lon": 73.8497008, "tags": {"addr:city": "Pune", "addr:postcode": "411009", "addr:street": "Golwalkar Guruji Path", "amenity": "police", "name": "Laxminagar Police chowky", "opening_hours": "24/7"}}, {"type": "node", "id": 2183543117, "lat": 18.5527989, "lon": 73.8957965, "tags": {"amenity": "police", "name": "Yerawada Police Station"}}, {"type": "node", "id": 2279179372, "lat": 18.5403559, "lon": 73.8193134}, {"type": "node", "id": 2279179373, "lat": 18.540434, "lon": 73.8198719}, {"type": "node", "id": 2279179374, "lat": 18.5405652, "lon": 73.820347}, {"type": "node", "id": 2279179375, "lat": 18.5410441, "lon": 73.8217089}, {"type": "node", "id": 2279179378, "lat": 18.5412676, "lon": 73.8225021}, {"type": "node", "id": 2279179379, "lat": 18.5414733, "lon": 73.8234486}, {"type": "node", "id": 2279179380, "lat": 18.5416081, "lon": 73.8239612}, {"type": "node", "id": 2279179381, "lat": 18.5416861, "lon": 73.8243503}, {"type": "node", "id": 2279179382, "lat": 18.5417393, "lon": 73.8248741}, {"type": "node", "id": 2279179383, "lat": 18.5417403, "lon": 73.8255028}, {"type": "node", "id": 2279179384, "lat": 18.5418006, "lon": 73.8260266}, {"type": "node", "id": 2279179385, "lat": 18.5419851, "lon": 73.8274782}, {"type": "node", "id": 2279179386, "lat": 18.5421305, "lon": 73.827699}, {"type": "node", "id": 2279179387, "lat": 18.5423894, "lon": 73.8263109}, {"type": "node", "id": 2279179388, "lat": 18.5425739, "lon": 73.8258133}, {"type": "node", "id": 2279179389, "lat": 18.5428328, "lon": 73.8255177}, {"type": "node", "id": 2279179406, "lat": 18.5433756, "lon": 73.8250538}, {"type": "node", "id": 2279179407, "lat": 18.5436593, "lon": 73.824732}, {"type": "node", "id": 2279179416, "lat": 18.5450853, "lon": 73.8227903}, {"type": "node", "id": 2279179421, "lat": 18.545291, "lon": 73.8222926}, {"type": "node", "id": 2279179423, "lat": 18.5453466, "lon": 73.8193096}, {"type": "node", "id": 2279179428, "lat": 18.5457028, "lon": 73.8208705}, {"type": "node", "id": 2289023583, "lat": 18.5222358, "lon": 73.8478417, "tags": {"amenity": "police", "name": "Balagandharva Police Station", "name:mr": "\u092c\u093e\u0932\u0917\u0902\u0927\u0930\u094d\u0935 \u092a\u094b\u0932\u0940\u0938 \u0938\u094d\u0925\u093e\u0928\u0915"}}, {"type": "node", "id": 2289023585, "lat": 18.5148758, "lon": 73.8688574, "tags": {"amenity": "police", "name": "Sant Kabir Police Station"}}, {"type": "node", "id": 2410718625, "lat": 18.5113926, "lon": 73.8487755, "tags": {"addr:city": "Pune", "addr:housenumber": "1224", "addr:postcode": "411030", "addr:street": "Tatyasaheb Karandikar Path", "amenity": "police", "name": "Perugate Police Chowki", "name:mr": "\u092a\u0947\u0930\u0942\u0917\u0947\u091f \u092a\u094b\u0932\u0940\u0938 \u091a\u094c\u0915\u0940"}}, {"type": "node", "id": 2420756045, "lat": 18.5224956, "lon": 73.7795837, "tags": {"amenity": "police", "name": "Bavdhan Police Chowki", "name:mr": "\u092c\u093e\u0935\u0927\u0928 \u092a\u094b\u0932\u0940\u0938 \u091a\u094c\u0915\u0940"}}, {"type": "node", "id": 2509520919, "lat": 18.4984329, "lon": 73.8262153, "tags": {"amenity": "police", "name": "Alankar Police Chowki", "name:mr": "\u0905\u0932\u0902\u0915\u093e\u0930 \u092a\u094b\u0932\u093f\u0938 \u091a\u094c\u0915\u0940", "source": "Bing"}}, {"type": "node", "id": 2517303173, "lat": 18.5052065, "lon": 73.8446033, "tags": {"amenity": "police", "name": "Senadatta Police Chowki", "name:mr": "\u0938\u0947\u0928\u093e\u0926\u0924\u094d\u0924 \u092a\u094b\u0932\u0940\u0938 \u091a\u094c\u0915\u0940"}}, {"type": "node", "id": 2550695929, "lat": 18.5162004, "lon": 73.8478649, "tags": {"amenity": "police", "name": "Narayan Peth Police Chowki", "name:mr": "\u0928\u093e\u0930\u093e\u092f\u0923 \u092a\u0947\u0920 \u092a\u094b\u0932\u0940\u0938 \u091a\u094c\u0915\u0940"}}, {"type": "node", "id": 2694489803, "lat": 18.5571921, "lon": 73.8454253, "tags": {"amenity": "police", "name": "Khadki Police Station", "name:mr": "\u0916\u0921\u0915\u0940 \u092a\u094b\u0932\u0940\u0938 \u0920\u093e\u0923\u0947"}}, {"type": "node", "id": 2701228456, "lat": 18.5163869, "lon": 73.8560246}, {"type": "node", "id": 2701228457, "lat": 18.5163897, "lon": 73.8556584}, {"type": "node", "id": 2701228458, "lat": 18.516496, "lon": 73.8560255}, {"type": "node", "id": 2701228460, "lat": 18.5164988, "lon": 73.8556593}, {"type": "node", "id": 2868930213, "lat": 18.5204757, "lon": 73.8560378, "tags": {"amenity": "police", "name": "Kasba Peth Police Chowki", "name:mr": "\u0915\u0938\u092c\u093e \u092a\u0947\u0920 \u092a\u094b\u0932\u0940\u0938 \u091a\u094c\u0915\u0940"}}, {"type": "node", "id": 2868930215, "lat": 18.5064508, "lon": 73.8245986, "tags": {"amenity": "police", "name": "Paud Phata Police Chowki", "name:mr": "\u092a\u094c\u0921 \u092b\u093e\u091f\u093e \u092a\u094b\u0932\u0940\u0938 \u091a\u094c\u0915\u0940"}}, {"type": "node", "id": 2935676185, "lat": 18.5007921, "lon": 73.8591594, "tags": {"amenity": "police", "name": "Swargate Police Station", "name:mr": "\u0938\u094d\u0935\u093e\u0930\u0917\u0947\u091f \u092a\u094b\u0932\u0940\u0938 \u0920\u093e\u0923\u0947"}}, {"type": "node", "id": 3337848240, "lat": 18.5203179, "lon": 73.8696893, "tags": {"amenity": "police", "name": "Samarth Police Station", "name:mr": "\u0938\u092e\u0930\u094d\u0925 \u092a\u094b\u0932\u0940\u0938 \u0920\u093e\u0923\u0947"}}, {"type": "node", "id": 3337848241, "lat": 18.5200094, "lon": 73.8500242, "tags": {"amenity": "police", "name": "Shaniwar Peth Police Chowki", "name:mr": "\u0936\u0928\u093f\u0935\u093e\u0930 \u092a\u0947\u0920 \u092a\u094b\u0932\u0940\u0938 \u091a\u094c\u0915\u0940"}}, {"type": "node", "id": 3386030401, "lat": 18.5145218, "lon": 73.8333062, "tags": {"amenity": "police", "name": "Prabhat Police Chowki", "name:mr": "\u092a\u094d\u0930\u092d\u093e\u0924 \u092a\u094b\u0932\u0940\u0938 \u091a\u094c\u0915\u0940"}}, {"type": "node", "id": 3650174314, "lat": 18.4927797, "lon": 73.8482014}, {"type": "node", "id": 3650174319, "lat": 18.4928448, "lon": 73.8480475}, {"type": "node", "id": 3650174324, "lat": 18.4929864, "lon": 73.8482988}, {"type": "node", "id": 3650175530, "lat": 18.4930516, "lon": 73.8481449}, {"type": "node", "id": 4405664297, "lat": 18.4637816, "lon": 73.8154722, "tags": {"amenity": "police", "name:en": "Singhgarh Police Chauki"}}, {"type": "node", "id": 4547351989, "lat": 18.5449382, "lon": 73.8448569, "tags": {"amenity": "police", "name:en": "Crime branch"}}, {"type": "node", "id": 5253713305, "lat": 18.5010017, "lon": 73.840267, "tags": {"amenity": "police", "name": "Dattawadi Police Chowki", "phone": "+91-100"}}, {"type": "node", "id": 5302827826, "lat": 18.4659808, "lon": 73.8904599, "tags": {"amenity": "police", "name:en": "Kondhwa police station"}}, {"type": "node", "id": 6042498885, "lat": 18.5461759, "lon": 73.8256119}, {"type": "node", "id": 6042498886, "lat": 18.5462284, "lon": 73.8256919}, {"type": "node", "id": 6042498887, "lat": 18.5461955, "lon": 73.825716}, {"type": "node", "id": 6042498888, "lat": 18.5462495, "lon": 73.8257984}, {"type": "node", "id": 6042498889, "lat": 18.5461175, "lon": 73.8258947}, {"type": "node", "id": 6042498890, "lat": 18.5460109, "lon": 73.8257323}, {"type": "node", "id": 6113753523, "lat": 18.5687142, "lon": 73.7749439}, {"type": "node", "id": 6113753524, "lat": 18.5686042, "lon": 73.7749458}, {"type": "node", "id": 6113753525, "lat": 18.5686028, "lon": 73.7748492}, {"type": "node", "id": 6113753526, "lat": 18.5687128, "lon": 73.7748474}, {"type": "node", "id": 6116290226, "lat": 18.5339866, "lon": 73.8789046, "tags": {"amenity": "police", "name": "Mangaldas Police Chowki", "name:mr": "\u092e\u0902\u0917\u0932\u0926\u093e\u0938 \u092a\u094b\u0932\u0940\u0938 \u091a\u094c\u0915\u0940"}}, {"type": "node", "id": 6643143902, "lat": 18.5195682, "lon": 73.8624461}, {"type": "node", "id": 6643143903, "lat": 18.5195439, "lon": 73.8624193}, {"type": "node", "id": 6643143904, "lat": 18.5193413, "lon": 73.862529}, {"type": "node", "id": 6643143905, "lat": 18.5195837, "lon": 73.8627088}, {"type": "node", "id": 6643143906, "lat": 18.5195804, "lon": 73.8625968}, {"type": "node", "id": 6643143907, "lat": 18.5195771, "lon": 73.862529}, {"type": "node", "id": 6643143908, "lat": 18.5194481, "lon": 73.8626703}, {"type": "node", "id": 9513998384, "lat": 18.5382779, "lon": 73.7980177}, {"type": "node", "id": 9513998385, "lat": 18.5382855, "lon": 73.798192}, {"type": "node", "id": 9513998386, "lat": 18.5381482, "lon": 73.7981947}, {"type": "node", "id": 9513998387, "lat": 18.5381457, "lon": 73.7980257}, {"type": "node", "id": 9590246003, "lat": 18.4648269, "lon": 73.8894055}, {"type": "node", "id": 9590246004, "lat": 18.4648561, "lon": 73.8895879}, {"type": "node", "id": 9590246005, "lat": 18.4646819, "lon": 73.8896335}, {"type": "node", "id": 9590246006, "lat": 18.4646399, "lon": 73.8894336}, {"type": "node", "id": 9801380434, "lat": 18.5403061, "lon": 73.8240041, "tags": {"amenity": "police", "name": "Wireless Police Officers Headquarters"}}, {"type": "node", "id": 10172966014, "lat": 18.5402811, "lon": 73.8228024, "tags": {"amenity": "police", "name": "Centre for Police Research - CPR,"}}, {"type": "node", "id": 10172982158, "lat": 18.5404783, "lon": 73.8240032, "tags": {"amenity": "police", "name": "POLICE HEADQUATER"}}, {"type": "node", "id": 10219138027, "lat": 18.5225916, "lon": 73.7796133, "tags": {"addr:street": "Pashan-Bavdhan Road", "amenity": "police", "name": "bavdhandhan  Police Station", "opening_hours": "24/7"}}, {"type": "node", "id": 10219198246, "lat": 18.5818249, "lon": 73.9868542, "tags": {"amenity": "police", "name": "police station Wagoli;Wagoli police station"}}, {"type": "node", "id": 10219198248, "lat": 18.572673, "lon": 73.9782357, "tags": {"amenity": "police", "name": "Unit 6 Police Station"}}, {"type": "node", "id": 10219230643, "lat": 18.5811586, "lon": 73.9868025, "tags": {"amenity": "police", "name": "wagoli police station"}}, {"type": "node", "id": 10219230644, "lat": 18.5713171, "lon": 73.9790844, "tags": {"amenity": "police", "name": "Police Station"}}, {"type": "node", "id": 10219230645, "lat": 18.5570956, "lon": 73.9280864, "tags": {"amenity": "police", "name": "Chandan nagar police"}}, {"type": "node", "id": 10610500277, "lat": 18.5646718, "lon": 73.8775269, "tags": {"amenity": "police", "name": "Vishrantwadi Police Station"}}, {"type": "node", "id": 11330878781, "lat": 18.4689831, "lon": 73.8327946, "tags": {"addr:city": "pune", "addr:district": "Pune", "addr:postcode": "411051", "amenity": "police", "name": "Vadgaon Budruk Police Chowki"}}, {"type": "node", "id": 11786140865, "lat": 18.506629, "lon": 73.8024748, "tags": {"amenity": "police", "name": "Kothrud Police Station"}}, {"type": "node", "id": 11933767466, "lat": 18.4590996, "lon": 73.8575581}, {"type": "node", "id": 11933767467, "lat": 18.4591802, "lon": 73.8576912}, {"type": "node", "id": 11933767468, "lat": 18.4592574, "lon": 73.8577701}, {"type": "node", "id": 11933818669, "lat": 18.4589336, "lon": 73.8577799}, {"type": "node", "id": 11933818670, "lat": 18.4589523, "lon": 73.8575544}, {"type": "way", "id": 192206270, "nodes": [2027712377, 2027712388, 2027712382, 2027712380, 2027712377], "tags": {"amenity": "police", "name": "Sahakarnagar Police Station"}}, {"type": "way", "id": 218691368, "nodes": [2279179372, 2279179373, 2279179374, 2279179375, 2279179378, 2279179379, 2279179380, 2279179381, 2279179382, 2279179383, 2279179384, 2279179385, 2279179386, 2279179387, 2279179388, 2279179389, 2279179406, 2279179407, 2279179416, 2279179421, 2279179428, 2279179423, 2279179372], "tags": {"amenity": "police", "name": "Pune Rural Police Headquarters", "name:mr": "\u092a\u0941\u0923\u0947 \u0917\u094d\u0930\u093e\u092e\u0940\u0923 \u092a\u094b\u0932\u0940\u0938 \u092e\u0941\u0916\u094d\u092f\u093e\u0932\u092f"}}, {"type": "way", "id": 264444880, "nodes": [2701228458, 2701228456, 2701228457, 2701228460, 2701228458], "tags": {"amenity": "police", "building": "yes", "name": "Faraskhana Police Station", "name:mr": "\u092b\u0930\u093e\u0938\u0916\u093e\u0928\u093e \u092a\u094b\u0932\u0940\u0938 \u0920\u093e\u0923\u0947"}}, {"type": "way", "id": 360474279, "nodes": [3650174319, 3650175530, 3650174324, 3650174314, 3650174319], "tags": {"addr:city": "Pune", "addr:postcode": "411009", "amenity": "police", "building": "yes", "name": "Dattawadi Police Station"}}, {"type": "way", "id": 641670813, "nodes": [6042498885, 6042498886, 6042498887, 6042498888, 6042498889, 6042498890, 6042498885], "tags": {"addr:city": "Pune", "addr:housenumber": "Vidhyapeeth Road, Ganeshkhind Road, Near Pune University, Ganeshkhind", "addr:postcode": "411007", "addr:street": "\u0935\u093f\u0926\u094d\u092f\u093e\u092a\u0940\u0920 \u0930\u0938\u094d\u0924\u093e", "amenity": "police", "building": "yes", "name": "Chaturshringi Police Station", "name:mr": "\u091a\u0924\u0941\u0936\u0943\u0902\u0917\u0940 \u092a\u094b\u0932\u0940\u0938 \u0920\u093e\u0923\u0947", "opening_hours": "24/7", "phone": "020 2565 5335", "website": "https://punepolice.gov.in"}}, {"type": "way", "id": 652054928, "nodes": [6113753526, 6113753525, 6113753524, 6113753523, 6113753526], "tags": {"amenity": "police", "building": "yes", "name": "Balewadi Police Chowki", "name:mr": "\u092c\u093e\u0932\u0947\u0935\u093e\u0921\u0940 \u092a\u094b\u0932\u0940\u0938 \u091a\u094c\u0915\u0940"}}, {"type": "way", "id": 706927370, "nodes": [6643143902, 6643143903, 6643143904, 6643143908, 6643143905, 6643143906, 6643143907, 6643143902], "tags": {"amenity": "police", "building": "yes", "name": "Somwar Peth Police Station \u0938\u094b\u092e\u0935\u093e\u0930 \u092a\u0947\u0920 \u092a\u094b\u0932\u093f\u0938 \u0938\u094d\u091f\u0947\u0936\u0928"}}, {"type": "way", "id": 1032594150, "nodes": [9513998384, 9513998385, 9513998386, 9513998387, 9513998384], "tags": {"addr:city": "Pune", "addr:street": "Dr. Homi Bhabha Marg", "amenity": "police", "building": "yes", "name": "Pashan Police station"}}, {"type": "way", "id": 1041721250, "nodes": [9590246003, 9590246004, 9590246005, 9590246006, 9590246003], "tags": {"addr:city": "Pune", "addr:postcode": "411048", "addr:street": "Kondhwa Road", "amenity": "police", "building": "yes", "name": "Kondhwa traffic police chowky", "operator": "Pune Traffic Police"}}, {"type": "way", "id": 1286673858, "nodes": [11933767466, 11933767467, 11933767468, 11933818669, 11933818670, 11933767466], "tags": {"amenity": "police", "building": "yes", "name": "Bharati Vidyapeeth Police Station"}}]}