{"version": 0.6, "generator": "Overpass API 0.7.62.5 1bd436f1", "osm3s": {"timestamp_osm_base": "2025-03-10T04:21:39Z", "copyright": "The data included in this document is from www.openstreetmap.org. The data is made available under ODbL."}, "elements": [{"type": "node", "id": 4339744599, "lat": 19.9494406, "lon": 79.3112187, "tags": {"addr:postcode": "442403", "addr:street": "g.m office road", "amenity": "hospital", "name": "MAHAKALI DISPENSARY", "opening_hours": "Mo-Su 10:00-17:00"}}, {"type": "node", "id": 4339795493, "lat": 19.9541291, "lon": 79.2961756, "tags": {"addr:district": "Chandrapur", "addr:full": "Jatpura Gate Road, Chandrapur", "addr:postcode": "442402", "addr:state": "Maharashtra", "amenity": "hospital", "description": "District Hospital", "name": "Chandrapur government hospital", "source": "OpenGovernmentData"}}, {"type": "node", "id": 4339797192, "lat": 19.9265221, "lon": 79.3103646, "tags": {"amenity": "hospital", "name": "Lalpeth dispensary"}}, {"type": "node", "id": 4339799589, "lat": 19.9285187, "lon": 79.3072279, "tags": {"amenity": "hospital", "name": "WCL AREA HOSPITAL"}}, {"type": "node", "id": 4339803889, "lat": 19.9494452, "lon": 79.2988221, "tags": {"addr:district": "Chandrapur", "addr:full": "Bhanapeth War", "addr:postcode": "442402", "addr:state": "Maharashtra", "addr:street": "bhanapeth ward", "amenity": "hospital", "name": "Shri Sai Divine Cure Multispeciality Hospital", "opening_hours": "24/7", "source": "OpenGovernmentData"}}, {"type": "node", "id": 4376874219, "lat": 19.9615319, "lon": 79.290218, "tags": {"addr:street": "datala road", "amenity": "hospital", "name": "chiddarwar hospital"}}, {"type": "node", "id": 4376876207, "lat": 19.9634812, "lon": 79.292379, "tags": {"addr:postcode": "442401", "addr:street": "ramnagar", "amenity": "hospital", "name": "Medical college", "opening_hours": "24/7"}}, {"type": "node", "id": 4376878402, "lat": 19.9431879, "lon": 79.2958989, "tags": {"addr:postcode": "442402", "addr:street": "pathanpura road", "amenity": "hospital", "name": "Katyani Hospital", "opening_hours": "24/7"}}, {"type": "node", "id": 4376879111, "lat": 19.9642778, "lon": 79.2919842, "tags": {"amenity": "hospital", "name": "T.b hospital"}}, {"type": "node", "id": 5498786424, "lat": 19.9679093, "lon": 79.3053606}, {"type": "node", "id": 5498787241, "lat": 19.9677743, "lon": 79.3053859}, {"type": "node", "id": 5498787242, "lat": 19.9677093, "lon": 79.3053953}, {"type": "node", "id": 5498787243, "lat": 19.9677688, "lon": 79.3053534}, {"type": "node", "id": 5498793690, "lat": 19.9677291, "lon": 79.305513}, {"type": "node", "id": 5498793691, "lat": 19.9679301, "lon": 79.305464}, {"type": "node", "id": 5686674656, "lat": 19.9639408, "lon": 79.28841}, {"type": "node", "id": 5686674657, "lat": 19.9639383, "lon": 79.2885723}, {"type": "node", "id": 5686674658, "lat": 19.9640452, "lon": 79.2885742}, {"type": "node", "id": 5686674659, "lat": 19.9640477, "lon": 79.2884119}, {"type": "node", "id": 5727541162, "lat": 19.9744987, "lon": 79.3068358}, {"type": "node", "id": 5727541657, "lat": 19.9744949, "lon": 79.3069632}, {"type": "node", "id": 5727541658, "lat": 19.9746609, "lon": 79.3069687}, {"type": "node", "id": 5727541659, "lat": 19.9746647, "lon": 79.3068413}, {"type": "node", "id": 6691681100, "lat": 19.9700111, "lon": 79.2999318, "tags": {"amenity": "hospital", "name": "Kulkarni Hospital"}}, {"type": "node", "id": 6974097186, "lat": 19.9686267, "lon": 79.2916533, "tags": {"amenity": "hospital", "name": "Anusaya Nursing Home", "survey:date": "2019-11-13"}}, {"type": "node", "id": 6974097485, "lat": 19.9717092, "lon": 79.2877575, "tags": {"amenity": "hospital", "name": "Wasade Nursing Home", "survey:date": "2019-11-13"}}, {"type": "node", "id": 6974097685, "lat": 19.9683343, "lon": 79.2922597, "tags": {"amenity": "hospital", "name": "Dr. Hemant Puttewar", "survey:date": "2019-11-13"}}, {"type": "node", "id": 7043182323, "lat": 19.9513341, "lon": 79.3018342, "tags": {"addr:district": "Chandrapur", "addr:full": "Ganj Ward, Near Sardar Patel College, ,Ramala Talao, Near Panch Mandir", "addr:postcode": "442401", "addr:state": "Maharashtra", "amenity": "hospital", "name": "Ghate Surgical and Maternity Hospital", "source": "OpenGovernmentData"}}, {"type": "node", "id": 7043997755, "lat": 19.9726732, "lon": 79.2926592, "tags": {"addr:district": "Chandrapur", "addr:full": "Jyoti Nagar, Tukum", "addr:postcode": "442401", "addr:state": "Maharashtra", "amenity": "hospital", "name": "Christ Hospital", "source": "OpenGovernmentData"}}, {"type": "node", "id": 7044717874, "lat": 19.9604136, "lon": 79.2948841, "tags": {"addr:district": "Chandrapur", "addr:full": "Shushrusha Hospital, Opposite Z. P", "addr:postcode": "442401", "addr:state": "Maharashtra", "amenity": "hospital", "name": "Shushrusha Hospital, Chandrapur", "source": "OpenGovernmentData"}}, {"type": "node", "id": 7045299930, "lat": 19.9619918, "lon": 79.2934866, "tags": {"addr:district": "Chandrapur", "addr:full": "Civil Lines", "addr:postcode": "442401", "addr:state": "Maharashtra", "amenity": "hospital", "name": "Vyankatesh Hospital and Research Centre", "source": "OpenGovernmentData"}}, {"type": "node", "id": 7045516015, "lat": 19.9620391, "lon": 79.291074, "tags": {"addr:district": "Chandrapur", "addr:full": "Bokare Plot, Ramnagar", "addr:postcode": "442402", "addr:state": "Maharashtra", "amenity": "hospital", "name": "Dr. Wasnik Hospital", "source": "OpenGovernmentData"}}, {"type": "node", "id": 7048498771, "lat": 19.9652578, "lon": 79.2985842, "tags": {"addr:district": "Chandrapur", "addr:full": "Near Bus Stand , Patel Nagr", "addr:postcode": "442402", "addr:state": "Maharashtra", "amenity": "hospital", "name": "Brindavani Hospital", "source": "OpenGovernmentData"}}, {"type": "node", "id": 7048504188, "lat": 19.9499142, "lon": 79.2934383, "tags": {"addr:district": "Chandrapur", "addr:full": "Near Medicine Complex, Ekori Ward", "addr:postcode": "442401", "addr:state": "Maharashtra", "amenity": "hospital", "name": "Manwatkar Multispeciality Hospital", "source": "OpenGovernmentData"}}, {"type": "node", "id": 7049373321, "lat": 19.960754, "lon": 79.2954232, "tags": {"addr:district": "Chandrapur", "addr:full": "Behind Haveli Complex", "addr:postcode": "442402", "addr:state": "Maharashtra", "amenity": "hospital", "name": "Shweta Hospital Multispeciality", "source": "OpenGovernmentData"}}, {"type": "node", "id": 7050161761, "lat": 19.9568072, "lon": 79.2966114, "tags": {"addr:district": "Chandrapur", "addr:full": "Near Jayant Talkies , M G Road", "addr:postcode": "442401", "addr:state": "Maharashtra", "amenity": "hospital", "name": "Gulwade Ent Maternity Hospital", "source": "OpenGovernmentData"}}, {"type": "node", "id": 7050619393, "lat": 19.9438316, "lon": 79.2938199, "tags": {"addr:district": "Chandrapur", "addr:full": "Balaji Ward", "addr:postcode": "442402", "addr:state": "Maharashtra", "amenity": "hospital", "name": "Ankur Hospital", "source": "OpenGovernmentData"}}, {"type": "node", "id": 7051879934, "lat": 19.9612387, "lon": 79.2903095, "tags": {"addr:district": "Chandrapur", "addr:full": "Ramnagar, Chandrapur, Near Old R.T.O. Office", "addr:postcode": "442402", "addr:state": "Maharashtra", "amenity": "hospital", "name": "Anande Hospital", "source": "OpenGovernmentData"}}, {"type": "node", "id": 7051915443, "lat": 19.950092, "lon": 79.2976682, "tags": {"addr:district": "Chandrapur", "addr:full": "Chandrapur", "addr:postcode": "442401", "addr:state": "Maharashtra", "amenity": "hospital", "name": "Shree Manolaxmi Nursing Home", "source": "OpenGovernmentData"}}, {"type": "node", "id": 7052288331, "lat": 19.9686599, "lon": 79.2921455, "tags": {"addr:district": "Chandrapur", "addr:full": "Civil Lines", "addr:postcode": "442401", "addr:state": "Maharashtra", "amenity": "hospital", "name": "Bukkawar Heart and Critical Care Hospital", "source": "OpenGovernmentData"}}, {"type": "node", "id": 7066505769, "lat": 19.9690809, "lon": 79.309252, "tags": {"addr:district": "Chandrapur", "addr:full": "Shastrinagar Mul Road", "addr:postcode": "442401", "addr:state": "Maharashtra", "amenity": "hospital", "name": "Coal City Hospital", "source": "OpenGovernmentData"}}, {"type": "node", "id": 7082579569, "lat": 19.9685616, "lon": 79.3045025, "tags": {"addr:district": "Chandrapur", "addr:full": "Vivek Nagar, Mul Road", "addr:postcode": "442401", "addr:state": "Maharashtra", "amenity": "hospital", "name": "Shri Mahvir Surgical Hospital", "source": "OpenGovernmentData"}}, {"type": "node", "id": 7086516365, "lat": 19.972203, "lon": 79.2867409, "tags": {"addr:district": "Chandrapur", "addr:full": "Puugliya Nagar, Janta College, Civil Line", "addr:postcode": "442402", "addr:state": "Maharashtra", "amenity": "hospital", "name": "Trinity Childrens Hospital", "source": "OpenGovernmentData"}}, {"type": "node", "id": 7211278562, "lat": 19.9572416, "lon": 79.2949003, "tags": {"addr:district": "Chandrapur", "addr:full": "Chandrapur - Jatpura Gate Road, Ramnagar Road, Babupeth", "addr:postcode": "442402", "addr:state": "Maharashtra", "amenity": "hospital", "name": "Mawani Hospital"}}, {"type": "node", "id": 7229411038, "lat": 19.9648425, "lon": 79.2914735, "tags": {"addr:district": "Chandrapur", "addr:full": "Urban Primary Health Centre 2, Near Dr. Babasaheb Ambedkar College, Chandrapur, TB Hospital, Ram Nagar, Chandrapur", "addr:postcode": "442401", "addr:state": "Maharashtra", "amenity": "hospital", "description": "District Hospital", "name": "District TB Hospital, Chandrapur", "source": "OpenGovernmentData"}}, {"type": "node", "id": 7625613199, "lat": 19.9603176, "lon": 79.2947922, "tags": {"addr:district": "Chandrapur", "addr:full": "Sushrusha Hospital, Ramnagar, Chandrapur", "addr:postcode": "442402", "addr:state": "Maharastra", "amenity": "hospital", "name": "Salphale Hospital", "source": "Local Knowledge"}}, {"type": "node", "id": 7625613200, "lat": 19.973556, "lon": 79.28599, "tags": {"addr:district": "Chandrapur", "addr:full": "Nagpur Road, Near Janata College, Civil Lines, Chandrapur", "addr:postcode": "442402", "addr:state": "Maharastra", "amenity": "hospital", "name": "Mehra Hospital", "source": "Local Knowledge"}}, {"type": "node", "id": 7625613201, "lat": 19.969709, "lon": 79.307799, "tags": {"addr:district": "Chandrapur", "addr:full": "Opposite Adarsh Petrol Pump, Sarkar Nagar, Tukum, Chandrapur", "addr:postcode": "442401", "addr:state": "Maharastra", "amenity": "hospital", "name": "CHL Multispeciality Hospital & Research Centre", "source": "Local Knowledge"}}, {"type": "node", "id": 7625613204, "lat": 19.9490317, "lon": 79.2977036, "tags": {"addr:district": "Chandrapur", "addr:full": "Gol Bazar, Tilak Maidan, Gandhi Chowk Road, Bazar Ward, Chandrapur", "addr:postcode": "442402", "addr:state": "Maharastra", "amenity": "hospital", "name": "Dr. Kolte Hospital", "source": "Local Knowledge"}}, {"type": "node", "id": 7625613206, "lat": 19.976379, "lon": 79.28281, "tags": {"addr:district": "Chandrapur", "addr:full": "Bapat Nagar, Postman Colony, Wadgaon, Chandrapur", "addr:postcode": "442402", "addr:state": "Maharastra", "amenity": "hospital", "name": "Pant Hospital", "source": "Local Knowledge"}}, {"type": "node", "id": 7625613207, "lat": 19.9354227, "lon": 79.3139827, "tags": {"addr:district": "Chandrapur", "addr:full": "Babupeth, Chandrapur", "addr:postcode": "442403", "addr:state": "Maharastra", "amenity": "hospital", "name": "Dr. Nakshine Hospital", "source": "Local Knowledge"}}, {"type": "node", "id": 7625613208, "lat": 19.9655761, "lon": 79.2975075, "tags": {"addr:district": "Chandrapur", "addr:full": "Patel Nagar ,Civil Lines, Opposite Hotel Tandoor, Chandrapur", "addr:postcode": "442402", "addr:state": "Maharastra", "amenity": "hospital", "name": "Musale Hospital", "source": "Local Knowledge"}}, {"type": "node", "id": 7625613209, "lat": 19.9675903, "lon": 79.3048763, "tags": {"addr:district": "Chandrapur", "addr:full": "Mul Road, Chandrapur", "addr:postcode": "442502", "addr:state": "Maharastra", "amenity": "hospital", "name": "Navjeevan Hospital", "source": "Local Knowledge"}}, {"type": "node", "id": 7625613210, "lat": 19.93821, "lon": 79.312022, "tags": {"addr:district": "Chandrapur", "addr:full": "Babupeth, Chandrapur", "addr:postcode": "442403", "addr:state": "Maharastra", "amenity": "hospital", "name": "Pazare Nursing Home", "source": "Local Knowledge"}}, {"type": "node", "id": 7625613212, "lat": 19.965081, "lon": 79.2942234, "tags": {"addr:district": "Chandrapur", "addr:full": "Sanjay Gandhi Market, Nagpur Road, Civil Lines, Chandrapur", "addr:postcode": "442402", "addr:state": "Maharastra", "amenity": "hospital", "name": "Dr. Shardul Wargantiwar Hospital", "source": "Local Knowledge"}}, {"type": "node", "id": 7625613213, "lat": 19.975691, "lon": 79.281451, "tags": {"addr:district": "Chandrapur", "addr:full": "Bapat Nagar, Postman Colony, Wadgaon, Chandrapur", "addr:postcode": "442402", "addr:state": "Maharastra", "amenity": "hospital", "name": "Mamidwar Eye Hospital", "source": "Local Knowledge"}}, {"type": "node", "id": 7625613218, "lat": 19.952469, "lon": 79.295729, "tags": {"addr:district": "Chandrapur", "addr:full": "Bazar Ward, Chandrapur", "addr:postcode": "442402", "addr:state": "Maharastra", "amenity": "hospital", "name": "Bendle Hospital", "source": "Local Knowledge"}}, {"type": "node", "id": 7625613219, "lat": 19.9484446, "lon": 79.2981808, "tags": {"addr:district": "Chandrapur", "addr:full": "Chandrapur - Anchaleshwar Gate Road, Bazar Ward, Chandrapur", "addr:postcode": "442402", "addr:state": "Maharastra", "amenity": "hospital", "name": "Shri Sai Gajanan Hospital", "source": "Local Knowledge"}}, {"type": "node", "id": 7625613223, "lat": 19.969295, "lon": 79.3110565, "tags": {"addr:district": "Chandrapur", "addr:full": "Sarkar Nagar, Tukum, Chandrapur", "addr:postcode": "442401", "addr:state": "Maharastra", "amenity": "hospital", "name": "Khandare Hospital", "source": "Local Knowledge"}}, {"type": "node", "id": 7625613224, "lat": 19.9654113, "lon": 79.298194, "tags": {"addr:district": "Chandrapur", "addr:full": "Tukum, Chandrapur", "addr:postcode": "442402", "addr:state": "Maharastra", "amenity": "hospital", "name": "Ambatkar Hospital", "source": "Local Knowledge"}}, {"type": "node", "id": 7625613225, "lat": 19.9677943, "lon": 79.3055464, "tags": {"addr:district": "Chandrapur", "addr:full": "Chandrapur-Nagpur Highway, Kabir Nagar, Urja Nagar, Chandrapur", "addr:postcode": "442402", "addr:state": "Maharastra", "amenity": "hospital", "name": "Dr. Sadanand Patil Hospital", "source": "Local Knowledge"}}, {"type": "node", "id": 7625613226, "lat": 19.968075, "lon": 79.304544, "tags": {"addr:district": "Chandrapur", "addr:full": "Cement Nagar, Chandrapur", "addr:postcode": "442502", "addr:state": "Maharastra", "amenity": "hospital", "name": "Gadegone Hospital", "source": "Local Knowledge"}}, {"type": "node", "id": 7625613228, "lat": 19.951748, "lon": 79.2980324, "tags": {"addr:district": "Chandrapur", "addr:full": "Azad Garden, Gandhi Chowk Road, Jal Nagar Ward, Bazar Ward, Chandrapur", "addr:postcode": "442402", "addr:state": "Maharastra", "amenity": "hospital", "name": "Arora Maternity Home", "source": "Local Knowledge"}}, {"type": "node", "id": 7625613229, "lat": 19.9919718, "lon": 79.3024304, "tags": {"addr:district": "Chandrapur", "addr:full": "Tukum, Ranvendali", "addr:postcode": "442404", "addr:state": "Maharastra", "amenity": "hospital", "name": "Choyang Healthcare Hospital", "source": "Local Knowledge"}}, {"type": "node", "id": 7625613230, "lat": 20.0225415, "lon": 79.2811714, "tags": {"addr:district": "Chandrapur", "addr:full": "Urjanagar, CSTPS Colony, Residential Area, Chandrapur", "addr:postcode": "442404", "addr:state": "Maharastra", "amenity": "hospital", "name": "CSTPS Hospital", "source": "Local Knowledge"}}, {"type": "node", "id": 7625613231, "lat": 19.9571897, "lon": 79.2957745, "tags": {"addr:district": "Chandrapur", "addr:full": "Bazar Ward, Chandrapur", "addr:postcode": "442402", "addr:state": "Maharastra", "amenity": "hospital", "name": "Aalurwar MRI Centre & Hospital", "source": "Local Knowledge"}}, {"type": "node", "id": 7625613232, "lat": 19.95201, "lon": 79.297977, "tags": {"addr:district": "Chandrapur", "addr:full": "Azad Garden, Gandhi Chowk Road, Jal Nagar Ward, Bazar Ward, Chandrapur", "addr:postcode": "442402", "addr:state": "Maharastra", "amenity": "hospital", "name": "Potdukhe Hospital", "source": "Local Knowledge"}}, {"type": "node", "id": 7625613234, "lat": 19.947675, "lon": 79.298142, "tags": {"addr:district": "Chandrapur", "addr:full": "Kasturba Road, Bazar Ward, Chandrapur", "addr:postcode": "442402", "addr:state": "Maharastra", "amenity": "hospital", "name": "Mehra Hospital", "source": "Local Knowledge"}}, {"type": "node", "id": 7625613235, "lat": 19.9601749, "lon": 79.2952641, "tags": {"addr:district": "Chandrapur", "addr:full": "Civil Lines, Chandrapur", "addr:postcode": "442402", "addr:state": "Maharastra", "amenity": "hospital", "name": "Khan Child Hospital", "source": "Local Knowledge"}}, {"type": "node", "id": 7625613237, "lat": 19.9745676, "lon": 79.3029976, "tags": {"addr:district": "Chandrapur", "addr:full": "Shivaji Nagar, D.G.Tukum, Jairaj Nagar, Tukum, Chandrapur", "addr:postcode": "442401", "addr:state": "Maharastra", "amenity": "hospital", "name": "Dr. Anil Kontamwar Hospital", "source": "Local Knowledge"}}, {"type": "node", "id": 7625613238, "lat": 19.962579, "lon": 79.28972, "tags": {"addr:district": "Chandrapur", "addr:full": "Ramnagar, Chandrapur", "addr:postcode": "442402", "addr:state": "Maharastra", "amenity": "hospital", "name": "Murkhe Hospital", "source": "Local Knowledge"}}, {"type": "node", "id": 7625613242, "lat": 19.956005, "lon": 79.294268, "tags": {"addr:district": "Chandrapur", "addr:full": "Pawar Road, Bodke Wada, Model Colony, Shivajinagar, Pune", "addr:postcode": "442402", "addr:state": "Maharastra", "amenity": "hospital", "name": "Bharati Hospital", "source": "Local Knowledge"}}, {"type": "node", "id": 7625613246, "lat": 20.0051202, "lon": 79.3013176, "tags": {"addr:district": "Chandrapur", "addr:full": "Durgapur, Chandrapur", "addr:postcode": "442404", "addr:state": "Maharastra", "amenity": "hospital", "name": "Apollo Hospital", "source": "Local Knowledge"}}, {"type": "node", "id": 7625613247, "lat": 19.9717458, "lon": 79.2887476, "tags": {"addr:district": "Chandrapur", "addr:full": "Behind Axis Bank, Near Janata College, Civil Lines, Chandrapur", "addr:postcode": "442402", "addr:state": "Maharastra", "amenity": "hospital", "name": "Wasade Orthopaedic Hospital", "source": "Local Knowledge"}}, {"type": "node", "id": 7625613248, "lat": 19.968893, "lon": 79.3032697, "tags": {"addr:district": "Chandrapur", "addr:full": "Swastik Nagar, Mul Road, Chandrapur", "addr:postcode": "442401", "addr:state": "Maharastra", "amenity": "hospital", "name": "Raut Hospital", "source": "Local Knowledge"}}, {"type": "node", "id": 7625613249, "lat": 19.962218, "lon": 79.289828, "tags": {"addr:district": "Chandrapur", "addr:full": "Datala Road, Ramnagar, Chandrapur", "addr:postcode": "442402", "addr:state": "Maharastra", "amenity": "hospital", "name": "Chiddarwar Hospital", "source": "Local Knowledge"}}, {"type": "node", "id": 7625613250, "lat": 19.9451821, "lon": 79.2919375, "tags": {"addr:district": "Chandrapur", "addr:full": "Balaji Ward, Bazar Ward, Babupeth, Chandrapur", "addr:postcode": "442402", "addr:state": "Maharastra", "amenity": "hospital", "name": "Gokhare Hospital", "source": "Local Knowledge"}}, {"type": "node", "id": 7625613251, "lat": 19.954088, "lon": 79.29702, "tags": {"addr:district": "Chandrapur", "addr:full": "Gandhi Chowk Road, Hospital Ward, Behind District General Hospital", "addr:postcode": "442402", "addr:state": "Maharastra", "amenity": "hospital", "name": "Dr. Indu Agrawal Hospital", "source": "Local Knowledge"}}, {"type": "node", "id": 7625613252, "lat": 19.972332, "lon": 79.285572, "tags": {"addr:district": "Chandrapur", "addr:full": "Civil Lines, Chandrapur", "addr:postcode": "442402", "addr:state": "Maharastra", "amenity": "hospital", "name": "Ingle Hospital", "source": "Local Knowledge"}}, {"type": "node", "id": 7625613253, "lat": 19.9513812, "lon": 79.2982731, "tags": {"addr:district": "Chandrapur", "addr:full": "Jal Nagar Ward, Bazar Ward, Chandrapur", "addr:postcode": "442402", "addr:state": "Maharastra", "amenity": "hospital", "healthcare": "hospital", "name": "Sharif Eye Hospital", "name:ur": "\u0634\u0631\u06cc\u0641 \u0622\u0626\u06cc \u06c1\u0633\u067e\u062a\u0627\u0644", "source": "Local Knowledge"}}, {"type": "node", "id": 7625613256, "lat": 19.9710798, "lon": 79.2988823, "tags": {"addr:district": "Chandrapur", "addr:full": "Tadoba Road, D.G.Tukum, Sharda Nagar, Tukum, Chandrapur", "addr:postcode": "442401", "addr:state": "Maharastra", "amenity": "hospital", "name": "Dhande Hospital", "source": "Local Knowledge"}}, {"type": "node", "id": 7625613258, "lat": 19.957721, "lon": 79.296318, "tags": {"addr:district": "Chandrapur", "addr:full": "Jetpura Gate, Jalnagar Road, Chandrapur", "addr:postcode": "442401", "addr:state": "Maharastra", "amenity": "hospital", "name": "Shivji Hospital", "source": "Local Knowledge"}}, {"type": "node", "id": 7625613260, "lat": 19.949954, "lon": 79.304427, "tags": {"addr:district": "Chandrapur", "addr:full": "Bazar Ward, Chandrapur", "addr:postcode": "442402", "addr:state": "Maharastra", "amenity": "hospital", "name": "Bhalme Hospital", "source": "Local Knowledge"}}, {"type": "node", "id": 7625613261, "lat": 19.950609, "lon": 79.294257, "tags": {"addr:district": "Chandrapur", "addr:full": "Chandrapur", "addr:postcode": "442401", "addr:state": "Maharastra", "amenity": "hospital", "name": "Nagrale Hospital", "source": "Local Knowledge"}}, {"type": "node", "id": 7625613262, "lat": 19.9536264, "lon": 79.2978948, "tags": {"addr:district": "Chandrapur", "addr:full": "Bazar Ward, Chandrapur", "addr:postcode": "442402", "addr:state": "Maharastra", "amenity": "hospital", "name": "Kilbil Hospital", "source": "Local Knowledge"}}, {"type": "node", "id": 7625613263, "lat": 19.964021, "lon": 79.288501, "tags": {"addr:district": "Chandrapur", "addr:full": "Ramnagar Road, Revenue Colony, Chandrapur", "addr:postcode": "442402", "addr:state": "Maharastra", "amenity": "hospital", "healthcare": "hospital", "healthcare:speciality": "gynaecology", "name": "Aswar Hospital", "operator": "Mrs. Prajakta Aswar", "operator:type": "private", "source": "Local Knowledge;gps"}}, {"type": "node", "id": 7625613264, "lat": 19.9499779, "lon": 79.3000695, "tags": {"addr:district": "Chandrapur", "addr:full": "Janta High School, Civil Lines, Ramnagar Road, Nawargoan, Bazar Ward, Chandrapur", "addr:postcode": "442402", "addr:state": "Maharastra", "amenity": "hospital", "name": "Dr. Wasalwar Hospital", "source": "Local Knowledge"}}, {"type": "node", "id": 7625613266, "lat": 19.969165, "lon": 79.305925, "tags": {"addr:district": "Chandrapur", "addr:full": "Kabir Nagar, Vivek Nagar, Chandrapur", "addr:postcode": "442502", "addr:state": "Maharastra", "amenity": "hospital", "name": "Mogre Hospital", "source": "Local Knowledge"}}, {"type": "node", "id": 7625613267, "lat": 19.95211, "lon": 79.293673, "tags": {"addr:district": "Chandrapur", "addr:full": "Ramnagar, Chandrapur", "addr:postcode": "442402", "addr:state": "Maharastra", "amenity": "hospital", "name": "Wasudha Smruti - Zade Hospital", "source": "Local Knowledge"}}, {"type": "node", "id": 7625613268, "lat": 19.971913, "lon": 79.288613, "tags": {"addr:district": "Chandrapur", "addr:full": "Nagpur Road, Beside of CDCC Bank, Civil Lines, Chandrapur", "addr:postcode": "442402", "addr:state": "Maharastra", "amenity": "hospital", "name": "Dhande ENT Hospital & Pathology Centre", "source": "Local Knowledge"}}, {"type": "node", "id": 7625613269, "lat": 19.9679198, "lon": 79.305963, "tags": {"addr:district": "Chandrapur", "addr:full": "Vivek Nagar, Chandrapur", "addr:postcode": "442502", "addr:state": "Maharastra", "amenity": "hospital", "name": "Dr. Sardeshpande Hospital", "source": "Local Knowledge"}}, {"type": "node", "id": 7625613270, "lat": 19.9723526, "lon": 79.3013144, "tags": {"addr:district": "Chandrapur", "addr:full": "Tukum Road, Shivaji Nagar, D.G.Tukum, Jairaj Nagar, Tukum, Chandrapur", "addr:postcode": "442401", "addr:state": "Maharastra", "amenity": "hospital", "name": "Radhakrishna Homeopathic Hospital", "source": "Local Knowledge"}}, {"type": "node", "id": 7625613271, "lat": 19.9510121, "lon": 79.2988571, "tags": {"addr:district": "Chandrapur", "addr:full": "Near Azad Garden, Nawargoan, Bazar Ward, Chandrapur", "addr:postcode": "442402", "addr:state": "Maharastra", "amenity": "hospital", "name": "Dr. Punekar's Cardiology Hospital", "source": "Local Knowledge"}}, {"type": "node", "id": 7625613274, "lat": 19.9702001, "lon": 79.307393, "tags": {"addr:district": "Chandrapur", "addr:full": "Kabir Nagar, Vivek Nagar, Chandrapur", "addr:postcode": "442502", "addr:state": "Maharastra", "amenity": "hospital", "name": "Bondgulwar Hospital", "source": "Local Knowledge"}}, {"type": "node", "id": 7625613277, "lat": 19.970467, "lon": 79.2871615, "tags": {"addr:district": "Chandrapur", "addr:full": "Pugalia Nagar, Civil Lines, Chandrapur", "addr:postcode": "442402", "addr:state": "Maharastra", "amenity": "hospital", "name": "Gandhi Hospital", "source": "Local Knowledge"}}, {"type": "node", "id": 7625613278, "lat": 19.947725, "lon": 79.298127, "tags": {"addr:district": "Chandrapur", "addr:full": "Kasturba Road, Bazar Ward, Chandrapur", "addr:postcode": "442402", "addr:state": "Maharastra", "amenity": "hospital", "name": "Zullurwar Hospital", "source": "Local Knowledge"}}, {"type": "node", "id": 7625613279, "lat": 19.982855, "lon": 79.299731, "tags": {"addr:district": "Chandrapur", "addr:full": "S.T. Work Shop Square, Tadoba Road, Tukum, Chandrapur", "addr:postcode": "442404", "addr:state": "Maharastra", "amenity": "hospital", "name": "Sawalkar Hospital", "source": "Local Knowledge"}}, {"type": "node", "id": 7625613281, "lat": 19.952765, "lon": 79.295934, "tags": {"addr:district": "Chandrapur", "addr:full": "Bazar Ward, Chandrapur", "addr:postcode": "442402", "addr:state": "Maharastra", "amenity": "hospital", "name": "Chaudhary Hospital", "source": "Local Knowledge"}}, {"type": "node", "id": 7625613282, "lat": 19.962996, "lon": 79.2926772, "tags": {"addr:district": "Chandrapur", "addr:full": "Civil Lines, Chandrapur", "addr:postcode": "442402", "addr:state": "Maharastra", "amenity": "hospital", "name": "Dr. Muthad Hospital", "source": "Local Knowledge"}}, {"type": "node", "id": 7625613283, "lat": 19.961411, "lon": 79.288219, "tags": {"addr:district": "Chandrapur", "addr:full": "Datala Road, Revenue Colony, Civil Lines, Chandrapur", "addr:postcode": "442402", "addr:state": "Maharastra", "amenity": "hospital", "name": "Yerne Hospital", "source": "Local Knowledge"}}, {"type": "node", "id": 7625613284, "lat": 19.9692112, "lon": 79.3027928, "tags": {"addr:district": "Chandrapur", "addr:full": "Mul Road, Swastik Nagar, Chandrapur", "addr:postcode": "442401", "addr:state": "Maharastra", "amenity": "hospital", "name": "Bhukte Hospital", "source": "Local Knowledge"}}, {"type": "node", "id": 12564256235, "lat": 20.2117366, "lon": 79.3117102}, {"type": "node", "id": 12564256236, "lat": 20.2135445, "lon": 79.3117545}, {"type": "node", "id": 12564256237, "lat": 20.2135642, "lon": 79.3103282}, {"type": "node", "id": 12564256238, "lat": 20.213434, "lon": 79.3103508}, {"type": "node", "id": 12564256239, "lat": 20.2125338, "lon": 79.3106196}, {"type": "node", "id": 12564256240, "lat": 20.2124416, "lon": 79.3106442}, {"type": "node", "id": 12564256241, "lat": 20.2122334, "lon": 79.3106862}, {"type": "node", "id": 12564256242, "lat": 20.2121135, "lon": 79.3107692}, {"type": "node", "id": 12564256243, "lat": 20.2120041, "lon": 79.3109114}, {"type": "way", "id": 573099505, "nodes": [5498786424, 5498793691, 5498793690, 5498787242, 5498787241, 5498787243, 5498786424], "tags": {"amenity": "hospital", "building": "yes", "healthcare": "hospital", "name": "Regundwar Hospital"}}, {"type": "way", "id": 602971308, "nodes": [5686674659, 5686674658, 5686674657, 5686674656, 5686674659], "tags": {"addr:city": "Chandrapur", "addr:postcode": "442401", "amenity": "hospital", "healthcare": "hospital", "healthcare:speciality": "gynaecology", "name": "Manomay Nursing Home"}}, {"type": "way", "id": 603285639, "nodes": [5727541659, 5727541658, 5727541657, 5727541162, 5727541659], "tags": {"amenity": "hospital", "healthcare": "hospital", "name": "Jaiswal Hospital"}}, {"type": "way", "id": 1357659208, "nodes": [12564256235, 12564256236, 12564256237, 12564256238, 12564256239, 12564256240, 12564256241, 12564256242, 12564256243, 12564256235], "tags": {"amenity": "hospital", "healthcare": "hospital", "name": "SITE"}}]}