{"version": 0.6, "generator": "Overpass API 0.7.62.5 1bd436f1", "osm3s": {"timestamp_osm_base": "2025-03-10T04:21:39Z", "copyright": "The data included in this document is from www.openstreetmap.org. The data is made available under ODbL."}, "elements": [{"type": "node", "id": 3931577148, "lat": 20.6081617, "lon": 79.8546784}, {"type": "node", "id": 3931577149, "lat": 20.607037, "lon": 79.85485}, {"type": "node", "id": 3931577150, "lat": 20.6071424, "lon": 79.8561536}, {"type": "node", "id": 3931577151, "lat": 20.6083224, "lon": 79.8560892}, {"type": "node", "id": 4695794368, "lat": 20.6175752, "lon": 79.850126}, {"type": "node", "id": 4695794369, "lat": 20.6177308, "lon": 79.8514242}, {"type": "node", "id": 4695794370, "lat": 20.6167668, "lon": 79.8512686}, {"type": "node", "id": 4695794371, "lat": 20.616817, "lon": 79.8500053}, {"type": "node", "id": 4759877237, "lat": 20.6108842, "lon": 79.8500433}, {"type": "node", "id": 4759877238, "lat": 20.6108611, "lon": 79.8502827}, {"type": "node", "id": 4759877239, "lat": 20.6106763, "lon": 79.8502852}, {"type": "node", "id": 4759877240, "lat": 20.6107017, "lon": 79.8500384}, {"type": "node", "id": 4759947942, "lat": 20.6082463, "lon": 79.856292, "tags": {"amenity": "hospital", "name": "Kapgate Hospital"}}, {"type": "node", "id": 4764517991, "lat": 20.6091031, "lon": 79.8615589, "tags": {"addr:city": "Bramhapuri", "addr:postcode": "441206", "addr:street": "Jani Ward", "amenity": "hospital", "emergency": "yes", "name": "Akshay Nursing Home", "operator": "Dr. Atul Nagre"}}, {"type": "node", "id": 4841801022, "lat": 20.6078187, "lon": 79.8570067, "tags": {"addr:postcode": "441206", "amenity": "hospital", "name:en": "Kamal Hospital", "phone": "07177272262"}}, {"type": "node", "id": 4841819521, "lat": 20.607589, "lon": 79.8563127, "tags": {"amenity": "hospital", "name:en": "Saoji Hospital"}}, {"type": "node", "id": 7048433675, "lat": 20.607796, "lon": 79.8541944, "tags": {"addr:district": "Chandrapur", "addr:full": "Nagpur Road, Chandrapur", "addr:postcode": "442401", "addr:state": "Maharashtra", "amenity": "hospital", "name": "Ladukar Hospital", "source": "OpenGovernmentData"}}, {"type": "node", "id": 7226872270, "lat": 20.578001, "lon": 79.6706129, "tags": {"addr:block": "Nagbhid", "addr:district": "Chandrapur", "addr:full": "Near New Bus Stand, Near Shiv Tekadi, Nagbhid", "addr:postcode": "441205", "addr:state": "Maharashtra", "addr:subdistrict": "Nagbhir", "amenity": "hospital", "name": "Rural Hospital, Nagbhid", "source": "OpenGovernmentData"}}, {"type": "node", "id": 7726245485, "lat": 20.6758568, "lon": 79.6017725, "tags": {"addr:district": "Chandrapur", "addr:full": "Kanpa", "addr:postcode": "441205", "addr:state": "Maharashtra", "amenity": "hospital", "name": "Government Hospital, Kanpa", "source": "Local Knowledge"}}, {"type": "way", "id": 389999114, "nodes": [3931577148, 3931577149, 3931577150, 3931577151, 3931577148], "tags": {"amenity": "hospital", "name": "Christanand Hospital"}}, {"type": "way", "id": 475898628, "nodes": [4695794371, 4695794370, 4695794369, 4695794368, 4695794371], "tags": {"addr:district": "Chandrapur", "addr:full": "Sharda Colony, Bramhapuri", "addr:postcode": "441206", "addr:state": "Maharashtra", "addr:subdistrict": "Brahmapuri", "amenity": "hospital", "name": "Rural Hospital Brahmapuri", "source": "OpenGovernmentData"}}, {"type": "way", "id": 483230322, "nodes": [4759877237, 4759877238, 4759877239, 4759877240, 4759877237], "tags": {"addr:city": "Bramhapuri", "amenity": "hospital", "building": "yes", "name": "Shatayu Hospital"}}]}